,Waste,Industry,Forestry,Agriculture,Transport,Energy,Buildings
gbar,40.82,12.17,7.12,23.53,6.12,2.82,12.99
abar,0.82,5.47,8.25,4.07,3.74,11.99,3.2
delta,0.033,0.04,0.008,0.05,0.067,0.025,0.017
a_0,0.0,0.0,0.0,0.0,0.0,0.0,0.0
power,1.0,1.0,1.0,1.0,1.0,1.0,1.0
cbar,16235.689447881641,4840.478701144527,2831.898796396798,9358.789140339417,2434.1602013972474,1121.6228378987316,5166.6243490441575
