,Waste,Industry,Forestry,Agriculture,Transport,Energy,Buildings
gbar,242.14774303560665,5.032393369876114,2.5418859352682093,25.424842543957453,4.826200036504923,1.0379740696448998,19.35141640342504
abar,0.82,5.47,8.25,4.07,3.74,11.99,3.2
delta,0.033,0.04,0.008,0.05,0.067,0.025,0.017
a_0,0.0,0.0,0.0,0.0,0.0,0.0,0.0
power,2.0,2.0,2.0,1.0,2.0,2.0,2.0
cbar,552743.5824859538,11487.297403118311,5802.288803180004,58036.54568781939,11016.625901730196,2369.3531006757394,44172.91317653851
