,Waste,Industry,Forestry,Agriculture,Transport,Energy,Buildings
gbar,40.82,17.54,7.12,23.53,6.12,2.82,12.99
abar,0.82,5.47,8.25,4.07,3.74,11.99,3.2
delta,0.033,0.04,0.008,0.05,0.067,0.025,0.017
a_0,0.0,0.0,0.0,0.0,0.0,0.0,0.0
power,1.0,1.0,1.0,1.0,1.0,1.0,1.0
cbar,17472.807774704943,7507.913972766406,3047.682296812817,10071.90511854011,2619.6370304065226,1207.0876512657505,5560.308010617766
