,Waste,Industry,Forestry,Agriculture,Transport,Energy,Buildings
gbar,40.82,12.17,7.12,23.53,6.12,2.82,12.99
abar,0.82,5.47,8.25,4.07,3.74,11.99,3.2
delta,0.033,0.04,0.008,0.05,0.067,0.025,0.017
a_0,0.0,0.0,0.0,0.0,0.0,0.0,0.0
power,1.0,1.0,1.0,1.0,1.0,1.0,1.0
cbar,12409.353797354224,3699.7020018079597,2164.4928720519865,7153.162539239218,1860.4910641795163,857.2850982003653,3948.983484263385
