,Waste,Industry,Forestry,Agriculture,Transport,Energy,Buildings
gbar,40.82,12.17,7.12,23.53,6.12,2.82,12.99
abar,0.82,5.47,8.25,4.07,3.74,11.99,3.2
delta,0.033,0.04,0.008,0.05,0.067,0.025,0.017
a_0,0.0,0.0,0.0,0.0,0.0,0.0,0.0
power,1.0,1.0,1.0,1.0,1.0,1.0,1.0
cbar,17506.217848264725,5219.271710273927,3053.5098255669977,10091.163791515653,2624.646086021071,1209.395745519513,5570.939976701587
