,Waste,Industry,Forestry,Agriculture,Transport,Energy,Buildings
gbar,40.82,12.17,7.12,23.53,6.12,2.82,12.99
abar,0.82,5.47,8.25,4.07,3.74,11.99,3.2
delta,0.033,0.04,0.008,0.05,0.067,0.025,0.017
a_0,0.0,0.0,0.0,0.0,0.0,0.0,0.0
power,1.0,1.0,1.0,1.0,1.0,1.0,1.0
cbar,19926.71990450199,5940.915757907625,3475.704206762719,11486.42134622567,2987.543503565708,1376.6131830155712,6341.207534529174
