,Waste,Industry,Forestry,Agriculture,Transport,Energy,Buildings
gbar,243.902,36.563,24.24,24.57,26.738,16.68,62.5
abar,0.82,5.47,8.25,4.07,3.74,11.99,3.2
delta,0.033,0.04,0.008,0.05,0.067,0.025,0.017
a_0,0.0,0.0,0.0,0.0,0.0,0.0,0.0
power,1.0,1.0,1.0,1.0,1.0,1.0,1.0
cbar,116236.73292198956,17424.8823946778,11552.092258485076,11709.360841211977,12742.567772581435,7949.211999650622,29785.716425549395
