,Waste,Industry,Forestry,Agriculture,Transport,Energy,Buildings
gbar,243.902,36.563,24.24,24.57,26.738,16.68,62.5
abar,0.82,5.47,8.25,4.07,3.74,11.99,3.2
delta,0.033,0.04,0.008,0.05,0.067,0.025,0.017
a_0,0.0,0.0,0.0,0.0,0.0,0.0,0.0
power,1.0,1.0,1.0,1.0,1.0,1.0,1.0
cbar,133395.1211195997,19997.071830062585,13257.364580606541,13437.848504352425,14623.573191264757,9122.64196388272,34182.561315507795
