,Waste,Industry,Forestry,Agriculture,Transport,Energy,Buildings
gbar,243.902,36.563,24.24,24.57,26.738,16.68,62.5
abar,0.82,5.47,8.25,4.07,3.74,11.99,3.2
delta,0.033,0.04,0.008,0.05,0.067,0.025,0.017
a_0,0.0,0.0,0.0,0.0,0.0,0.0,0.0
power,1.0,1.0,1.0,1.0,1.0,1.0,1.0
cbar,78497.09122626821,11767.386681970811,7801.3689568955615,7907.575712496864,8605.321912932077,5368.268737665759,20114.915833579733
