,Waste,Industry,Forestry,Agriculture,Transport,Energy,Buildings
gbar,40.82,17.54,7.12,23.53,6.12,2.82,12.99
abar,0.82,5.47,8.25,4.07,3.74,11.99,3.2
delta,0.033,0.04,0.008,0.05,0.067,0.025,0.017
a_0,0.0,0.0,0.0,0.0,0.0,0.0,0.0
power,1.0,1.0,1.0,1.0,1.0,1.0,1.0
cbar,11557.121511434792,4965.9948875689915,2015.8428505981317,6661.907622833431,1732.7188547276073,798.4096683548778,3677.7807063581076
