,Waste,Industry,Forestry,Agriculture,Transport,Energy,Buildings,DAC
gbar,40.82,17.54,7.12,23.53,6.12,2.82,12.99,125.0
abar,0.82,5.47,8.25,4.07,3.74,11.99,3.2,5.0
delta,0.033,0.04,0.008,0.05,0.067,0.025,0.017,0.05
a_0,0.0,0.0,0.0,0.0,0.0,0.0,0.0,0.0
cbar,17475.301778988272,7508.9856247784,3048.1173117686553,10073.342745212984,2620.0109477562037,1207.2599465151134,5561.1016685217455,53513.29550155644
