,Waste,Industry,Forestry,Agriculture,Transport,Energy,Buildings
gbar,40.82,12.17,7.12,23.53,6.12,2.82,12.99
abar,0.82,5.47,8.25,4.07,3.74,11.99,3.2
delta,0.033,0.04,0.008,0.05,0.067,0.025,0.017
a_0,0.0,0.0,0.0,0.0,0.0,0.0,0.0
power,1.0,1.0,1.0,1.0,1.0,1.0,1.0
cbar,14104.601975175721,4205.120187111429,2460.185351867985,8130.35973728282,2114.6537013247284,974.3992545319827,4488.456140556899
