,Waste,Industry,Forestry,Agriculture,Transport,Energy,Buildings
gbar,243.902,36.563,24.24,24.57,26.738,16.68,62.5
abar,0.82,5.47,8.25,4.07,3.74,11.99,3.2
delta,0.033,0.04,0.008,0.05,0.067,0.025,0.017
a_0,0.0,0.0,0.0,0.0,0.0,0.0,0.0
power,1.0,1.0,1.0,1.0,1.0,1.0,1.0
cbar,88682.58969816279,13294.280190953443,8813.646359125656,8933.63411896524,9721.91734118407,6064.835860982506,22724.954515072346
